name,N,min,mean,median,max,sd,cv
pub_year,281,1985,2006.87,2011,2019,9.2,0.004584253090633673
study_duration,281,1,2.3,2,3,0.5,0.2173913043478261
pH,100,5.5,6.06,6.2,6.9,0.4,0.06600660066006601
cc_bio_Mgha,226,0,4.87,4.5,12.9,2.7,0.5544147843942505
LRRyield,184,-3.5,0.05,-0,3.4,0.5,10
LRR,281,-4.5,-0.35,-0.3,2.8,1,-2.857142857142857
